,cluster,cluster elements,%
0,1st cluster,14 patients out of 422,3.3175355450236967
1,2nd cluster,3 patients out of 422,0.7109004739336493
2,no cluster,405 patients out of 422,95.97156398104265
