,cluster,cluster elements,%
0,1st cluster,13 patients out of 169,7.6923076923076925
1,2nd cluster,19 patients out of 169,11.242603550295858
2,no cluster,137 patients out of 169,81.06508875739645
