,cluster,cluster elements,%
0,1st cluster,907 patients out of 1257,72.15592680986475
1,2nd cluster,183 patients out of 1257,14.558472553699284
2,no cluster,167 patients out of 1257,13.28560063643596
