,cluster,cluster elements,%
0,1st cluster,51 patients out of 422,12.085308056872037
1,2nd cluster,16 patients out of 422,3.7914691943127963
2,no cluster,355 patients out of 422,84.12322274881517
