,cluster,cluster elements,%
0,1st cluster,410 patients out of 1257,32.617342879872716
1,2nd cluster,265 patients out of 1257,21.081941129673826
2,no cluster,582 patients out of 1257,46.30071599045346
