,cluster,cluster elements,%
0,1st cluster,66 patients out of 425,15.529411764705884
1,2nd cluster,9 patients out of 425,2.1176470588235294
2,no cluster,350 patients out of 425,82.35294117647058
