,cluster,cluster elements,%
0,1st cluster,147 patients out of 1257,11.694510739856803
1,2nd cluster,847 patients out of 1257,67.38265712012729
2,no cluster,263 patients out of 1257,20.92283214001591
