,cluster,cluster elements,%
0,1st cluster,61 patients out of 425,14.352941176470587
1,2nd cluster,35 patients out of 425,8.235294117647058
2,no cluster,329 patients out of 425,77.41176470588236
