,cluster,cluster elements,%
0,1st cluster,54 patients out of 422,12.796208530805686
1,2nd cluster,50 patients out of 422,11.848341232227488
2,no cluster,318 patients out of 422,75.35545023696683
