,cluster,cluster elements,%
0,1st cluster,929 patients out of 1257,73.90612569610184
1,2nd cluster,210 patients out of 1257,16.706443914081145
2,no cluster,118 patients out of 1257,9.387430389817025
