,cluster,cluster elements,%
0,1st cluster,412 patients out of 1257,32.776451869530625
1,2nd cluster,263 patients out of 1257,20.92283214001591
2,no cluster,582 patients out of 1257,46.30071599045346
