,cluster,cluster elements,%
0,1st cluster,29 patients out of 1257,2.307080350039777
1,2nd cluster,399 patients out of 1257,31.742243436754176
2,no cluster,829 patients out of 1257,65.95067621320605
