,cluster,cluster elements,%
0,1st cluster,773 patients out of 1257,61.49562450278441
1,2nd cluster,366 patients out of 1257,29.116945107398568
2,no cluster,118 patients out of 1257,9.387430389817025
