,cluster,cluster elements,%
0,1st cluster,14 patients out of 169,8.284023668639055
1,2nd cluster,18 patients out of 169,10.650887573964498
2,no cluster,137 patients out of 169,81.06508875739645
