,cluster,cluster elements,%
0,1st cluster,30 patients out of 169,17.75147928994083
1,2nd cluster,20 patients out of 169,11.834319526627219
2,no cluster,119 patients out of 169,70.41420118343196
