,cluster,cluster elements,%
0,1st cluster,67 patients out of 425,15.764705882352942
1,2nd cluster,67 patients out of 425,1.8823529411764703
2,no cluster,350 patients out of 425,82.35294117647058
