,cluster,cluster elements,%
0,1st cluster,255 patients out of 1257,20.286396181384248
1,2nd cluster,255 patients out of 1257,58.79077167859984
2,no cluster,263 patients out of 1257,20.92283214001591
