,cluster,cluster elements,%
0,1st cluster,56 patients out of 422,13.270142180094787
1,2nd cluster,48 patients out of 422,11.374407582938389
2,no cluster,318 patients out of 422,75.35545023696683
