,cluster,cluster elements,%
0,1st cluster,323 patients out of 1257,25.69610182975338
1,2nd cluster,323 patients out of 1257,61.01829753381066
2,no cluster,167 patients out of 1257,13.28560063643596
