,cluster,cluster elements,%
0,1st cluster,12 patients out of 169,7.100591715976331
1,2nd cluster,12 patients out of 169,7.6923076923076925
2,no cluster,144 patients out of 169,85.20710059171599
