,metric,result,time
0,Silhouette,correct,0.9844334466116769 s
1,Entropy,wrong,0.0006161417279924665 s
2,Davies-Bouldin,correct,0.0009128025599888393 s
3,Dunn index,correct,0.002112592969621931 s
4,Calinski-Harabasz,correct,0.41385585921151297 s
5,Gap Statistic,correct,0.28335911887032644 s
