,metric,result,time
0,Silhouette,correct,0.9254408478736877 s
1,Entropy,wrong,0.0005168318748474121 s
2,Davies-Bouldin,correct,0.0009386539459228516 s
3,Dunn index,correct,0.0012707710266113281 s
4,Calinski-Harabasz,correct,0.42027679085731506 s
5,Gap Statistic,correct,0.2782036066055298 s
