metric,result,average time
Silhouette,correct,1.0517198324203492
Entropy,wrong,0.00037789344787597656
Davies-Bouldin,correct,0.0013173341751098633
Dunn index,correct,0.0038863182067871093
Calinski-Harabasz,correct,0.4603457450866699
Gap Statistic,correct,0.3458000659942627
