,metric,correct,wrong,%,average time
0,Silhouette,6,1,85.71,0.41762564498551036 s
3,Davies-Bouldin,6,1,85.71,0.0017444471112724876 s
4,Dunn index,5,2,71.43,0.18457563414054662 s
2,Calinski-Harabasz,4,3,57.14,0.0004086859372197365 s
5,Gap Statistic,4,3,57.14,0.12212185470425352 s
1,Entropy,1,6,14.29,0.00026037133469873543 s
