,metric,result,time
0,Silhouette,correct,0.9885321855545044 s
1,Entropy,wrong,0.000552972157796224 s
2,Davies-Bouldin,correct,0.0009310642878214518 s
3,Dunn index,wrong,0.0018127759297688801 s
4,Calinski-Harabasz,correct,0.4116322199503581 s
5,Gap Statistic,wrong,0.2616889874140422 s
