metric,result,time
Silhouette,correct,1.1144624551137288
Entropy,wrong,0.00024008750915527344
Davies-Bouldin,correct,0.0011701583862304688
Dunn index,wrong,0.0021773974100748696
Calinski-Harabasz,correct,0.41696763038635254
Gap Statistic,wrong,0.2760689655939738
