,metric,result,average time
0,Silhouette,wrong,0.0020935535430908203 s
1,Entropy,wrong,0.00022629896799723306 s
2,Davies-Bouldin,wrong,0.00019653638203938803 s
3,Dunn index,wrong,0.0004544655481974284 s
4,Calinski-Harabasz,wrong,0.0007664759953816732 s
5,Gap Statistic,wrong,0.2342444658279419 s
