,metric,result,time
0,Silhouette,correct,0.0006831884384155273 s
1,Entropy,correct,0.00023586750030517577 s
2,Davies-Bouldin,correct,0.0001871347427368164 s
3,Dunn index,correct,0.00045914649963378905 s
4,Calinski-Harabasz,wrong,0.00029821395874023436 s
5,Gap Statistic,wrong,0.032905864715576175 s
